id,date,camion,circunscripcion,ton
,9/1/2016,38715,3,8.13
,9/1/2016,38724,3,9.52
,9/1/2016,38716,3,10.99
,9/1/2016,38692,2,10.33
,9/1/2016,38682,3,14.92
,9/1/2016,38692,2,9.55
,9/1/2016,38706,3,12.81
,9/1/2016,38681,3,12.68
,9/1/2016,38717,2,9.28
,9/1/2016,38689,2,11.51
,9/1/2016,38710,3,13.11
,9/1/2016,38701,3,17.5
,9/1/2016,38645,3,9.03
,9/1/2016,38688,3,10.44
,9/1/2016,38621,T,12.06
,9/1/2016,38686,3,12.34
,9/1/2016,38726,2,12.73
,9/1/2016,38687,3,10.7
,9/1/2016,38697,2,12.38
,9/1/2016,38715,3,12.55
,9/1/2016,38703,3,12.6
,9/1/2016,38722,3,12.94
,9/1/2016,38690,2,13.08
,9/1/2016,38725,2,11.64
,9/1/2016,38698,3,13.2
,9/1/2016,38707,3,11.84
,9/1/2016,38719,3,13.42
,9/1/2016,38683,3,13.23
,9/1/2016,38634,T,11.59
,9/1/2016,38705,3,10.53
,9/1/2016,38699,2,13.33
,9/1/2016,38708,3,15.7
,9/1/2016,38724,2,12.84
,9/1/2016,38716,2,10.67
,9/1/2016,38696,2,13.51
,9/1/2016,38691,2,12.79
,9/1/2016,38723,3,12.61
,9/1/2016,38621,T,10.37
,9/1/2016,38711,3,12.6
,9/1/2016,38694,2,10.69
,9/1/2016,38727,2,12.03
,9/1/2016,38632,2,7.66
,9/1/2016,38712,2,12.27
,9/1/2016,38720,2,7.22
,9/1/2016,38700,3,13.73
,9/1/2016,38633,2,9.09
,9/1/2016,38634,T,9.91
,9/1/2016,38684,2,13.15
,9/1/2016,38721,2,13.06
,9/1/2016,38692,2,12.1
,9/1/2016,38704,3,11.56
,9/1/2016,38710,2,11.68
,9/1/2016,38706,3,9.34
,9/1/2016,38689,2,8.34
,9/1/2016,38681,2,14.55
,9/1/2016,38682,2,14.15
,9/1/2016,38686,3,8.51
,9/1/2016,38697,2,8.47
,9/1/2016,38621,T,11.13
,9/2/2016,38715,3,8.13
,9/2/2016,38724,3,9.52
,9/2/2016,38716,3,10.99
,9/2/2016,38692,2,10.33
,9/2/2016,38682,3,14.92
,9/2/2016,38692,2,9.55
,9/2/2016,38706,3,12.81
,9/2/2016,38681,3,12.68
,9/2/2016,38717,2,9.28
,9/2/2016,38689,2,11.51
,9/2/2016,38710,3,13.11
,9/2/2016,38701,3,17.5
,9/2/2016,38645,3,9.03
,9/2/2016,38688,3,10.44
,9/2/2016,38621,T,12.06
,9/2/2016,38686,3,12.34
,9/2/2016,38726,2,12.73
,9/2/2016,38687,3,10.7
,9/2/2016,38697,2,12.38
,9/2/2016,38715,3,12.55
,9/2/2016,38703,3,12.6
,9/2/2016,38722,3,12.94
,9/2/2016,38690,2,13.08
,9/2/2016,38725,2,11.64
,9/2/2016,38698,3,13.2
,9/2/2016,38707,3,11.84
,9/2/2016,38719,3,13.42
,9/2/2016,38683,3,13.23
,9/2/2016,38634,T,11.59
,9/2/2016,38705,3,10.53
,9/2/2016,38699,2,13.33
,9/2/2016,38708,3,15.7
,9/2/2016,38724,2,12.84
,9/2/2016,38716,2,10.67
,9/2/2016,38696,2,13.51
,9/2/2016,38691,2,12.79
,9/2/2016,38723,3,12.61
,9/2/2016,38621,T,10.37
,9/2/2016,38711,3,12.6
,9/2/2016,38694,2,10.69
,9/2/2016,38727,2,12.03
,9/2/2016,38632,2,7.66
,9/2/2016,38712,2,12.27
,9/2/2016,38720,2,7.22
,9/2/2016,38700,3,13.73
,9/2/2016,38633,2,9.09
,9/2/2016,38634,T,9.91
,9/2/2016,38684,2,13.15
,9/2/2016,38721,2,13.06
,9/2/2016,38692,2,12.1
,9/2/2016,38704,3,11.56
,9/2/2016,38710,2,11.68
,9/2/2016,38706,3,9.34
,9/2/2016,38689,2,8.34
,9/2/2016,38681,2,14.55
,9/2/2016,38682,2,14.15
,9/2/2016,38686,3,8.51
,9/2/2016,38697,2,8.47
,9/2/2016,38621,T,11.13
,9/3/2016,38715,3,8.13
,9/3/2016,38724,3,9.52
,9/3/2016,38716,3,10.99
,9/3/2016,38692,2,10.33
,9/3/2016,38682,3,14.92
,9/3/2016,38692,2,9.55
,9/3/2016,38706,3,12.81
,9/3/2016,38681,3,12.68
,9/3/2016,38717,2,9.28
,9/3/2016,38689,2,11.51
,9/3/2016,38710,3,13.11
,9/3/2016,38701,3,17.5
,9/3/2016,38645,3,9.03
,9/3/2016,38688,3,10.44
,9/3/2016,38621,T,12.06
,9/3/2016,38686,3,12.34
,9/3/2016,38726,2,12.73
,9/3/2016,38687,3,10.7
,9/3/2016,38697,2,12.38
,9/3/2016,38715,3,12.55
,9/3/2016,38703,3,12.6
,9/3/2016,38722,3,12.94
,9/3/2016,38690,2,13.08
,9/3/2016,38725,2,11.64
,9/3/2016,38698,3,13.2
,9/3/2016,38707,3,11.84
,9/3/2016,38719,3,13.42
,9/3/2016,38683,3,13.23
,9/3/2016,38634,T,11.59
,9/3/2016,38705,3,10.53
,9/3/2016,38699,2,13.33
,9/3/2016,38708,3,15.7
,9/3/2016,38724,2,12.84
,9/3/2016,38716,2,10.67
,9/3/2016,38696,2,13.51
,9/3/2016,38691,2,12.79
,9/3/2016,38723,3,12.61
,9/3/2016,38621,T,10.37
,9/3/2016,38711,3,12.6
,9/3/2016,38694,2,10.69
,9/3/2016,38727,2,12.03
,9/3/2016,38632,2,7.66
,9/3/2016,38712,2,12.27
,9/3/2016,38720,2,7.22
,9/3/2016,38700,3,13.73
,9/3/2016,38633,2,9.09
,9/3/2016,38634,T,9.91
,9/3/2016,38684,2,13.15
,9/3/2016,38721,2,13.06
,9/3/2016,38692,2,12.1
,9/3/2016,38704,3,11.56
,9/3/2016,38710,2,11.68
,9/3/2016,38706,3,9.34
,9/3/2016,38689,2,8.34
,9/3/2016,38681,2,14.55
,9/3/2016,38682,2,14.15
,9/3/2016,38686,3,8.51
,9/3/2016,38697,2,8.47
,9/3/2016,38621,T,11.13
,9/4/2016,38715,3,8.13
,9/4/2016,38724,3,9.52
,9/4/2016,38716,3,10.99
,9/4/2016,38692,2,10.33
,9/4/2016,38682,3,14.92
,9/4/2016,38692,2,9.55
,9/4/2016,38706,3,12.81
,9/4/2016,38681,3,12.68
,9/4/2016,38717,2,9.28
,9/4/2016,38689,2,11.51
,9/4/2016,38710,3,13.11
,9/4/2016,38701,3,17.5
,9/4/2016,38645,3,9.03
,9/4/2016,38688,3,10.44
,9/4/2016,38621,T,12.06
,9/4/2016,38686,3,12.34
,9/4/2016,38726,2,12.73
,9/4/2016,38687,3,10.7
,9/4/2016,38697,2,12.38
,9/4/2016,38715,3,12.55
,9/4/2016,38703,3,12.6
,9/4/2016,38722,3,12.94
,9/4/2016,38690,2,13.08
,9/4/2016,38725,2,11.64
,9/4/2016,38698,3,13.2
,9/4/2016,38707,3,11.84
,9/4/2016,38719,3,13.42
,9/4/2016,38683,3,13.23
,9/4/2016,38634,T,11.59
,9/4/2016,38705,3,10.53
,9/4/2016,38699,2,13.33
,9/4/2016,38708,3,15.7
,9/4/2016,38724,2,12.84
,9/4/2016,38716,2,10.67
,9/4/2016,38696,2,13.51
,9/4/2016,38691,2,12.79
,9/4/2016,38723,3,12.61
,9/4/2016,38621,T,10.37
,9/4/2016,38711,3,12.6
,9/4/2016,38694,2,10.69
,9/4/2016,38727,2,12.03
,9/4/2016,38632,2,7.66
,9/4/2016,38712,2,12.27
,9/4/2016,38720,2,7.22
,9/4/2016,38700,3,13.73
,9/4/2016,38633,2,9.09
,9/4/2016,38634,T,9.91
,9/4/2016,38684,2,13.15
,9/4/2016,38721,2,13.06
,9/4/2016,38692,2,12.1
,9/4/2016,38704,3,11.56
,9/4/2016,38710,2,11.68
,9/4/2016,38706,3,9.34
,9/4/2016,38689,2,8.34
,9/4/2016,38681,2,14.55
,9/4/2016,38682,2,14.15
,9/4/2016,38686,3,8.51
,9/4/2016,38697,2,8.47
,9/4/2016,38621,T,11.13
,9/5/2016,38715,3,8.13
,9/5/2016,38724,3,9.52
,9/5/2016,38716,3,10.99
,9/5/2016,38692,2,10.33
,9/5/2016,38682,3,14.92
,9/5/2016,38692,2,9.55
,9/5/2016,38706,3,12.81
,9/5/2016,38681,3,12.68
,9/5/2016,38717,2,9.28
,9/5/2016,38689,2,11.51
,9/5/2016,38710,3,13.11
,9/5/2016,38701,3,17.5
,9/5/2016,38645,3,9.03
,9/5/2016,38688,3,10.44
,9/5/2016,38621,T,12.06
,9/5/2016,38686,3,12.34
,9/5/2016,38726,2,12.73
,9/5/2016,38687,3,10.7
,9/5/2016,38697,2,12.38
,9/5/2016,38715,3,12.55
,9/5/2016,38703,3,12.6
,9/5/2016,38722,3,12.94
,9/5/2016,38690,2,13.08
,9/5/2016,38725,2,11.64
,9/5/2016,38698,3,13.2
,9/5/2016,38707,3,11.84
,9/5/2016,38719,3,13.42
,9/5/2016,38683,3,13.23
,9/5/2016,38634,T,11.59
,9/5/2016,38705,3,10.53
,9/5/2016,38699,2,13.33
,9/5/2016,38708,3,15.7
,9/5/2016,38724,2,12.84
,9/5/2016,38716,2,10.67
,9/5/2016,38696,2,13.51
,9/5/2016,38691,2,12.79
,9/5/2016,38723,3,12.61
,9/5/2016,38621,T,10.37
,9/5/2016,38711,3,12.6
,9/5/2016,38694,2,10.69
,9/5/2016,38727,2,12.03
,9/5/2016,38632,2,7.66
,9/5/2016,38712,2,12.27
,9/5/2016,38720,2,7.22
,9/5/2016,38700,3,13.73
,9/5/2016,38633,2,9.09
,9/5/2016,38634,T,9.91
,9/5/2016,38684,2,13.15
,9/5/2016,38721,2,13.06
,9/5/2016,38692,2,12.1
,9/5/2016,38704,3,11.56
,9/5/2016,38710,2,11.68
,9/5/2016,38706,3,9.34
,9/5/2016,38689,2,8.34
,9/5/2016,38681,2,14.55
,9/5/2016,38682,2,14.15
,9/5/2016,38686,3,8.51
,9/5/2016,38697,2,8.47
,9/5/2016,38621,T,11.13
,9/6/2016,38715,3,8.13
,9/6/2016,38724,3,9.52
,9/6/2016,38716,3,10.99
,9/6/2016,38692,2,10.33
,9/6/2016,38682,3,14.92
,9/6/2016,38692,2,9.55
,9/6/2016,38706,3,12.81
,9/6/2016,38681,3,12.68
,9/6/2016,38717,2,9.28
,9/6/2016,38689,2,11.51
,9/6/2016,38710,3,13.11
,9/6/2016,38701,3,17.5
,9/6/2016,38645,3,9.03
,9/6/2016,38688,3,10.44
,9/6/2016,38621,T,12.06
,9/6/2016,38686,3,12.34
,9/6/2016,38726,2,12.73
,9/6/2016,38687,3,10.7
,9/6/2016,38697,2,12.38
,9/6/2016,38715,3,12.55
,9/6/2016,38703,3,12.6
,9/6/2016,38722,3,12.94
,9/6/2016,38690,2,13.08
,9/6/2016,38725,2,11.64
,9/6/2016,38698,3,13.2
,9/6/2016,38707,3,11.84
,9/6/2016,38719,3,13.42
,9/6/2016,38683,3,13.23
,9/6/2016,38634,T,11.59
,9/6/2016,38705,3,10.53
,9/6/2016,38699,2,13.33
,9/6/2016,38708,3,15.7
,9/6/2016,38724,2,12.84
,9/6/2016,38716,2,10.67
,9/6/2016,38696,2,13.51
,9/6/2016,38691,2,12.79
,9/6/2016,38723,3,12.61
,9/6/2016,38621,T,10.37
,9/6/2016,38711,3,12.6
,9/6/2016,38694,2,10.69
,9/6/2016,38727,2,12.03
,9/6/2016,38632,2,7.66
,9/6/2016,38712,2,12.27
,9/6/2016,38720,2,7.22
,9/6/2016,38700,3,13.73
,9/6/2016,38633,2,9.09
,9/6/2016,38634,T,9.91
,9/6/2016,38684,2,13.15
,9/6/2016,38721,2,13.06
,9/6/2016,38692,2,12.1
,9/6/2016,38704,3,11.56
,9/6/2016,38710,2,11.68
,9/6/2016,38706,3,9.34
,9/6/2016,38689,2,8.34
,9/6/2016,38681,2,14.55
,9/6/2016,38682,2,14.15
,9/6/2016,38686,3,8.51
,9/6/2016,38697,2,8.47
,9/6/2016,38621,T,11.13
,9/7/2016,38715,3,8.13
,9/7/2016,38724,3,9.52
,9/7/2016,38716,3,10.99
,9/7/2016,38692,2,10.33
,9/7/2016,38682,3,14.92
,9/7/2016,38692,2,9.55
,9/7/2016,38706,3,12.81
,9/7/2016,38681,3,12.68
,9/7/2016,38717,2,9.28
,9/7/2016,38689,2,11.51
,9/7/2016,38710,3,13.11
,9/7/2016,38701,3,17.5
,9/7/2016,38645,3,9.03
,9/7/2016,38688,3,10.44
,9/7/2016,38621,T,12.06
,9/7/2016,38686,3,12.34
,9/7/2016,38726,2,12.73
,9/7/2016,38687,3,10.7
,9/7/2016,38697,2,12.38
,9/7/2016,38715,3,12.55
,9/7/2016,38703,3,12.6
,9/7/2016,38722,3,12.94
,9/7/2016,38690,2,13.08
,9/7/2016,38725,2,11.64
,9/7/2016,38698,3,13.2
,9/7/2016,38707,3,11.84
,9/7/2016,38719,3,13.42
,9/7/2016,38683,3,13.23
,9/7/2016,38634,T,11.59
,9/7/2016,38705,3,10.53
,9/7/2016,38699,2,13.33
,9/7/2016,38708,3,15.7
,9/7/2016,38724,2,12.84
,9/7/2016,38716,2,10.67
,9/7/2016,38696,2,13.51
,9/7/2016,38691,2,12.79
,9/7/2016,38723,3,12.61
,9/7/2016,38621,T,10.37
,9/7/2016,38711,3,12.6
,9/7/2016,38694,2,10.69
,9/7/2016,38727,2,12.03
,9/7/2016,38632,2,7.66
,9/7/2016,38712,2,12.27
,9/7/2016,38720,2,7.22
,9/7/2016,38700,3,13.73
,9/7/2016,38633,2,9.09
,9/7/2016,38634,T,9.91
,9/7/2016,38684,2,13.15
,9/7/2016,38721,2,13.06
,9/7/2016,38692,2,12.1
,9/7/2016,38704,3,11.56
,9/7/2016,38710,2,11.68
,9/7/2016,38706,3,9.34
,9/7/2016,38689,2,8.34
,9/7/2016,38681,2,14.55
,9/7/2016,38682,2,14.15
,9/7/2016,38686,3,8.51
,9/7/2016,38697,2,8.47
,9/7/2016,38621,T,11.13
,9/8/2016,38715,3,8.13
,9/8/2016,38724,3,9.52
,9/8/2016,38716,3,10.99
,9/8/2016,38692,2,10.33
,9/8/2016,38682,3,14.92
,9/8/2016,38692,2,9.55
,9/8/2016,38706,3,12.81
,9/8/2016,38681,3,12.68
,9/8/2016,38717,2,9.28
,9/8/2016,38689,2,11.51
,9/8/2016,38710,3,13.11
,9/8/2016,38701,3,17.5
,9/8/2016,38645,3,9.03
,9/8/2016,38688,3,10.44
,9/8/2016,38621,T,12.06
,9/8/2016,38686,3,12.34
,9/8/2016,38726,2,12.73
,9/8/2016,38687,3,10.7
,9/8/2016,38697,2,12.38
,9/8/2016,38715,3,12.55
,9/8/2016,38703,3,12.6
,9/8/2016,38722,3,12.94
,9/8/2016,38690,2,13.08
,9/8/2016,38725,2,11.64
,9/8/2016,38698,3,13.2
,9/8/2016,38707,3,11.84
,9/8/2016,38719,3,13.42
,9/8/2016,38683,3,13.23
,9/8/2016,38634,T,11.59
,9/8/2016,38705,3,10.53
,9/8/2016,38699,2,13.33
,9/8/2016,38708,3,15.7
,9/8/2016,38724,2,12.84
,9/8/2016,38716,2,10.67
,9/8/2016,38696,2,13.51
,9/8/2016,38691,2,12.79
,9/8/2016,38723,3,12.61
,9/8/2016,38621,T,10.37
,9/8/2016,38711,3,12.6
,9/8/2016,38694,2,10.69
,9/8/2016,38727,2,12.03
,9/8/2016,38632,2,7.66
,9/8/2016,38712,2,12.27
,9/8/2016,38720,2,7.22
,9/8/2016,38700,3,13.73
,9/8/2016,38633,2,9.09
,9/8/2016,38634,T,9.91
,9/8/2016,38684,2,13.15
,9/8/2016,38721,2,13.06
,9/8/2016,38692,2,12.1
,9/8/2016,38704,3,11.56
,9/8/2016,38710,2,11.68
,9/8/2016,38706,3,9.34
,9/8/2016,38689,2,8.34
,9/8/2016,38681,2,14.55
,9/8/2016,38682,2,14.15
,9/8/2016,38686,3,8.51
,9/8/2016,38697,2,8.47
,9/8/2016,38621,T,11.13
,9/9/2016,38715,3,8.13
,9/9/2016,38724,3,9.52
,9/9/2016,38716,3,10.99
,9/9/2016,38692,2,10.33
,9/9/2016,38682,3,14.92
,9/9/2016,38692,2,9.55
,9/9/2016,38706,3,12.81
,9/9/2016,38681,3,12.68
,9/9/2016,38717,2,9.28
,9/9/2016,38689,2,11.51
,9/9/2016,38710,3,13.11
,9/9/2016,38701,3,17.5
,9/9/2016,38645,3,9.03
,9/9/2016,38688,3,10.44
,9/9/2016,38621,T,12.06
,9/9/2016,38686,3,12.34
,9/9/2016,38726,2,12.73
,9/9/2016,38687,3,10.7
,9/9/2016,38697,2,12.38
,9/9/2016,38715,3,12.55
,9/9/2016,38703,3,12.6
,9/9/2016,38722,3,12.94
,9/9/2016,38690,2,13.08
,9/9/2016,38725,2,11.64
,9/9/2016,38698,3,13.2
,9/9/2016,38707,3,11.84
,9/9/2016,38719,3,13.42
,9/9/2016,38683,3,13.23
,9/9/2016,38634,T,11.59
,9/9/2016,38705,3,10.53
,9/9/2016,38699,2,13.33
,9/9/2016,38708,3,15.7
,9/9/2016,38724,2,12.84
,9/9/2016,38716,2,10.67
,9/9/2016,38696,2,13.51
,9/9/2016,38691,2,12.79
,9/9/2016,38723,3,12.61
,9/9/2016,38621,T,10.37
,9/9/2016,38711,3,12.6
,9/9/2016,38694,2,10.69
,9/9/2016,38727,2,12.03
,9/9/2016,38632,2,7.66
,9/9/2016,38712,2,12.27
,9/9/2016,38720,2,7.22
,9/9/2016,38700,3,13.73
,9/9/2016,38633,2,9.09
,9/9/2016,38634,T,9.91
,9/9/2016,38684,2,13.15
,9/9/2016,38721,2,13.06
,9/9/2016,38692,2,12.1
,9/9/2016,38704,3,11.56
,9/9/2016,38710,2,11.68
,9/9/2016,38706,3,9.34
,9/9/2016,38689,2,8.34
,9/9/2016,38681,2,14.55
,9/9/2016,38682,2,14.15
,9/9/2016,38686,3,8.51
,9/9/2016,38697,2,8.47
,9/9/2016,38621,T,11.13
,9/10/2016,38715,3,8.13
,9/10/2016,38724,3,9.52
,9/10/2016,38716,3,10.99
,9/10/2016,38692,2,10.33
,9/10/2016,38682,3,14.92
,9/10/2016,38692,2,9.55
,9/10/2016,38706,3,12.81
,9/10/2016,38681,3,12.68
,9/10/2016,38717,2,9.28
,9/10/2016,38689,2,11.51
,9/10/2016,38710,3,13.11
,9/10/2016,38701,3,17.5
,9/10/2016,38645,3,9.03
,9/10/2016,38688,3,10.44
,9/10/2016,38621,T,12.06
,9/10/2016,38686,3,12.34
,9/10/2016,38726,2,12.73
,9/10/2016,38687,3,10.7
,9/10/2016,38697,2,12.38
,9/10/2016,38715,3,12.55
,9/10/2016,38703,3,12.6
,9/10/2016,38722,3,12.94
,9/10/2016,38690,2,13.08
,9/10/2016,38725,2,11.64
,9/10/2016,38698,3,13.2
,9/10/2016,38707,3,11.84
,9/10/2016,38719,3,13.42
,9/10/2016,38683,3,13.23
,9/10/2016,38634,T,11.59
,9/10/2016,38705,3,10.53
,9/10/2016,38699,2,13.33
,9/10/2016,38708,3,15.7
,9/10/2016,38724,2,12.84
,9/10/2016,38716,2,10.67
,9/10/2016,38696,2,13.51
,9/10/2016,38691,2,12.79
,9/10/2016,38723,3,12.61
,9/10/2016,38621,T,10.37
,9/10/2016,38711,3,12.6
,9/10/2016,38694,2,10.69
,9/10/2016,38727,2,12.03
,9/10/2016,38632,2,7.66
,9/10/2016,38712,2,12.27
,9/10/2016,38720,2,7.22
,9/10/2016,38700,3,13.73
,9/10/2016,38633,2,9.09
,9/10/2016,38634,T,9.91
,9/10/2016,38684,2,13.15
,9/10/2016,38721,2,13.06
,9/10/2016,38692,2,12.1
,9/10/2016,38704,3,11.56
,9/10/2016,38710,2,11.68
,9/10/2016,38706,3,9.34
,9/10/2016,38689,2,8.34
,9/10/2016,38681,2,14.55
,9/10/2016,38682,2,14.15
,9/10/2016,38686,3,8.51
,9/10/2016,38697,2,8.47
,9/10/2016,38621,T,11.13
,9/11/2016,38715,3,8.13
,9/11/2016,38724,3,9.52
,9/11/2016,38716,3,10.99
,9/11/2016,38692,2,10.33
,9/11/2016,38682,3,14.92
,9/11/2016,38692,2,9.55
,9/11/2016,38706,3,12.81
,9/11/2016,38681,3,12.68
,9/11/2016,38717,2,9.28
,9/11/2016,38689,2,11.51
,9/11/2016,38710,3,13.11
,9/11/2016,38701,3,17.5
,9/11/2016,38645,3,9.03
,9/11/2016,38688,3,10.44
,9/11/2016,38621,T,12.06
,9/11/2016,38686,3,12.34
,9/11/2016,38726,2,12.73
,9/11/2016,38687,3,10.7
,9/11/2016,38697,2,12.38
,9/11/2016,38715,3,12.55
,9/11/2016,38703,3,12.6
,9/11/2016,38722,3,12.94
,9/11/2016,38690,2,13.08
,9/11/2016,38725,2,11.64
,9/11/2016,38698,3,13.2
,9/11/2016,38707,3,11.84
,9/11/2016,38719,3,13.42
,9/11/2016,38683,3,13.23
,9/11/2016,38634,T,11.59
,9/11/2016,38705,3,10.53
,9/11/2016,38699,2,13.33
,9/11/2016,38708,3,15.7
,9/11/2016,38724,2,12.84
,9/11/2016,38716,2,10.67
,9/11/2016,38696,2,13.51
,9/11/2016,38691,2,12.79
,9/11/2016,38723,3,12.61
,9/11/2016,38621,T,10.37
,9/11/2016,38711,3,12.6
,9/11/2016,38694,2,10.69
,9/11/2016,38727,2,12.03
,9/11/2016,38632,2,7.66
,9/11/2016,38712,2,12.27
,9/11/2016,38720,2,7.22
,9/11/2016,38700,3,13.73
,9/11/2016,38633,2,9.09
,9/11/2016,38634,T,9.91
,9/11/2016,38684,2,13.15
,9/11/2016,38721,2,13.06
,9/11/2016,38692,2,12.1
,9/11/2016,38704,3,11.56
,9/11/2016,38710,2,11.68
,9/11/2016,38706,3,9.34
,9/11/2016,38689,2,8.34
,9/11/2016,38681,2,14.55
,9/11/2016,38682,2,14.15
,9/11/2016,38686,3,8.51
,9/11/2016,38697,2,8.47
,9/11/2016,38621,T,11.13
,9/12/2016,38715,3,8.13
,9/12/2016,38724,3,9.52
,9/12/2016,38716,3,10.99
,9/12/2016,38692,2,10.33
,9/12/2016,38682,3,14.92
,9/12/2016,38692,2,9.55
,9/12/2016,38706,3,12.81
,9/12/2016,38681,3,12.68
,9/12/2016,38717,2,9.28
,9/12/2016,38689,2,11.51
,9/12/2016,38710,3,13.11
,9/12/2016,38701,3,17.5
,9/12/2016,38645,3,9.03
,9/12/2016,38688,3,10.44
,9/12/2016,38621,T,12.06
,9/12/2016,38686,3,12.34
,9/12/2016,38726,2,12.73
,9/12/2016,38687,3,10.7
,9/12/2016,38697,2,12.38
,9/12/2016,38715,3,12.55
,9/12/2016,38703,3,12.6
,9/12/2016,38722,3,12.94
,9/12/2016,38690,2,13.08
,9/12/2016,38725,2,11.64
,9/12/2016,38698,3,13.2
,9/12/2016,38707,3,11.84
,9/12/2016,38719,3,13.42
,9/12/2016,38683,3,13.23
,9/12/2016,38634,T,11.59
,9/12/2016,38705,3,10.53
,9/12/2016,38699,2,13.33
,9/12/2016,38708,3,15.7
,9/12/2016,38724,2,12.84
,9/12/2016,38716,2,10.67
,9/12/2016,38696,2,13.51
,9/12/2016,38691,2,12.79
,9/12/2016,38723,3,12.61
,9/12/2016,38621,T,10.37
,9/12/2016,38711,3,12.6
,9/12/2016,38694,2,10.69
,9/12/2016,38727,2,12.03
,9/12/2016,38632,2,7.66
,9/12/2016,38712,2,12.27
,9/12/2016,38720,2,7.22
,9/12/2016,38700,3,13.73
,9/12/2016,38633,2,9.09
,9/12/2016,38634,T,9.91
,9/12/2016,38684,2,13.15
,9/12/2016,38721,2,13.06
,9/12/2016,38692,2,12.1
,9/12/2016,38704,3,11.56
,9/12/2016,38710,2,11.68
,9/12/2016,38706,3,9.34
,9/12/2016,38689,2,8.34
,9/12/2016,38681,2,14.55
,9/12/2016,38682,2,14.15
,9/12/2016,38686,3,8.51
,9/12/2016,38697,2,8.47
,9/12/2016,38621,T,11.13
,9/13/2016,38715,3,8.13
,9/13/2016,38724,3,9.52
,9/13/2016,38716,3,10.99
,9/13/2016,38692,2,10.33
,9/13/2016,38682,3,14.92
,9/13/2016,38692,2,9.55
,9/13/2016,38706,3,12.81
,9/13/2016,38681,3,12.68
,9/13/2016,38717,2,9.28
,9/13/2016,38689,2,11.51
,9/13/2016,38710,3,13.11
,9/13/2016,38701,3,17.5
,9/13/2016,38645,3,9.03
,9/13/2016,38688,3,10.44
,9/13/2016,38621,T,12.06
,9/13/2016,38686,3,12.34
,9/13/2016,38726,2,12.73
,9/13/2016,38687,3,10.7
,9/13/2016,38697,2,12.38
,9/13/2016,38715,3,12.55
,9/13/2016,38703,3,12.6
,9/13/2016,38722,3,12.94
,9/13/2016,38690,2,13.08
,9/13/2016,38725,2,11.64
,9/13/2016,38698,3,13.2
,9/13/2016,38707,3,11.84
,9/13/2016,38719,3,13.42
,9/13/2016,38683,3,13.23
,9/13/2016,38634,T,11.59
,9/13/2016,38705,3,10.53
,9/13/2016,38699,2,13.33
,9/13/2016,38708,3,15.7
,9/13/2016,38724,2,12.84
,9/13/2016,38716,2,10.67
,9/13/2016,38696,2,13.51
,9/13/2016,38691,2,12.79
,9/13/2016,38723,3,12.61
,9/13/2016,38621,T,10.37
,9/13/2016,38711,3,12.6
,9/13/2016,38694,2,10.69
,9/13/2016,38727,2,12.03
,9/13/2016,38632,2,7.66
,9/13/2016,38712,2,12.27
,9/13/2016,38720,2,7.22
,9/13/2016,38700,3,13.73
,9/13/2016,38633,2,9.09
,9/13/2016,38634,T,9.91
,9/13/2016,38684,2,13.15
,9/13/2016,38721,2,13.06
,9/13/2016,38692,2,12.1
,9/13/2016,38704,3,11.56
,9/13/2016,38710,2,11.68
,9/13/2016,38706,3,9.34
,9/13/2016,38689,2,8.34
,9/13/2016,38681,2,14.55
,9/13/2016,38682,2,14.15
,9/13/2016,38686,3,8.51
,9/13/2016,38697,2,8.47
,9/13/2016,38621,T,11.13
,9/14/2016,38715,3,8.13
,9/14/2016,38724,3,9.52
,9/14/2016,38716,3,10.99
,9/14/2016,38692,2,10.33
,9/14/2016,38682,3,14.92
,9/14/2016,38692,2,9.55
,9/14/2016,38706,3,12.81
,9/14/2016,38681,3,12.68
,9/14/2016,38717,2,9.28
,9/14/2016,38689,2,11.51
,9/14/2016,38710,3,13.11
,9/14/2016,38701,3,17.5
,9/14/2016,38645,3,9.03
,9/14/2016,38688,3,10.44
,9/14/2016,38621,T,12.06
,9/14/2016,38686,3,12.34
,9/14/2016,38726,2,12.73
,9/14/2016,38687,3,10.7
,9/14/2016,38697,2,12.38
,9/14/2016,38715,3,12.55
,9/14/2016,38703,3,12.6
,9/14/2016,38722,3,12.94
,9/14/2016,38690,2,13.08
,9/14/2016,38725,2,11.64
,9/14/2016,38698,3,13.2
,9/14/2016,38707,3,11.84
,9/14/2016,38719,3,13.42
,9/14/2016,38683,3,13.23
,9/14/2016,38634,T,11.59
,9/14/2016,38705,3,10.53
,9/14/2016,38699,2,13.33
,9/14/2016,38708,3,15.7
,9/14/2016,38724,2,12.84
,9/14/2016,38716,2,10.67
,9/14/2016,38696,2,13.51
,9/14/2016,38691,2,12.79
,9/14/2016,38723,3,12.61
,9/14/2016,38621,T,10.37
,9/14/2016,38711,3,12.6
,9/14/2016,38694,2,10.69
,9/14/2016,38727,2,12.03
,9/14/2016,38632,2,7.66
,9/14/2016,38712,2,12.27
,9/14/2016,38720,2,7.22
,9/14/2016,38700,3,13.73
,9/14/2016,38633,2,9.09
,9/14/2016,38634,T,9.91
,9/14/2016,38684,2,13.15
,9/14/2016,38721,2,13.06
,9/14/2016,38692,2,12.1
,9/14/2016,38704,3,11.56
,9/14/2016,38710,2,11.68
,9/14/2016,38706,3,9.34
,9/14/2016,38689,2,8.34
,9/14/2016,38681,2,14.55
,9/14/2016,38682,2,14.15
,9/14/2016,38686,3,8.51
,9/14/2016,38697,2,8.47
,9/14/2016,38621,T,11.13
,9/15/2016,38715,3,8.13
,9/15/2016,38724,3,9.52
,9/15/2016,38716,3,10.99
,9/15/2016,38692,2,10.33
,9/15/2016,38682,3,14.92
,9/15/2016,38692,2,9.55
,9/15/2016,38706,3,12.81
,9/15/2016,38681,3,12.68
,9/15/2016,38717,2,9.28
,9/15/2016,38689,2,11.51
,9/15/2016,38710,3,13.11
,9/15/2016,38701,3,17.5
,9/15/2016,38645,3,9.03
,9/15/2016,38688,3,10.44
,9/15/2016,38621,T,12.06
,9/15/2016,38686,3,12.34
,9/15/2016,38726,2,12.73
,9/15/2016,38687,3,10.7
,9/15/2016,38697,2,12.38
,9/15/2016,38715,3,12.55
,9/15/2016,38703,3,12.6
,9/15/2016,38722,3,12.94
,9/15/2016,38690,2,13.08
,9/15/2016,38725,2,11.64
,9/15/2016,38698,3,13.2
,9/15/2016,38707,3,11.84
,9/15/2016,38719,3,13.42
,9/15/2016,38683,3,13.23
,9/15/2016,38634,T,11.59
,9/15/2016,38705,3,10.53
,9/15/2016,38699,2,13.33
,9/15/2016,38708,3,15.7
,9/15/2016,38724,2,12.84
,9/15/2016,38716,2,10.67
,9/15/2016,38696,2,13.51
,9/15/2016,38691,2,12.79
,9/15/2016,38723,3,12.61
,9/15/2016,38621,T,10.37
,9/15/2016,38711,3,12.6
,9/15/2016,38694,2,10.69
,9/15/2016,38727,2,12.03
,9/15/2016,38632,2,7.66
,9/15/2016,38712,2,12.27
,9/15/2016,38720,2,7.22
,9/15/2016,38700,3,13.73
,9/15/2016,38633,2,9.09
,9/15/2016,38634,T,9.91
,9/15/2016,38684,2,13.15
,9/15/2016,38721,2,13.06
,9/15/2016,38692,2,12.1
,9/15/2016,38704,3,11.56
,9/15/2016,38710,2,11.68
,9/15/2016,38706,3,9.34
,9/15/2016,38689,2,8.34
,9/15/2016,38681,2,14.55
,9/15/2016,38682,2,14.15
,9/15/2016,38686,3,8.51
,9/15/2016,38697,2,8.47
,9/15/2016,38621,T,11.13